address,bin,bbl,units,bldgclass,source,existing_occ,proposed_occ,building_class,owner_business,filing_date,num_filings,job_desc
635 WEST 59TH STREET,1089374,1011717515,316,RM,no_hpd,R-2,R-2,D6,"RCB 4 NOMINEE LLC,A DELAWARE LIM",12/18/2018,10,FILING TENANT PROTECTION PLAN IN CONJUNCTION WITH NB 121193458
22 THAMES STREET,1090832,1000517502,273,RM,no_hpd,"COM, M, R-2","M, R-2",R0,HENRY II THAMES LP,12/24/2012,10,DEMOLITION OF A 10 STORY BUILDING-MECHANICAL REQUEST
500 WEST 18TH STREET,1795043,1006897501,238,RM,no_hpd,NO DATA,,,,,,
500 WEST 18TH STREET,1090682,1006897501,238,RM,no_hpd,NO DATA,,,,,,
500 WEST 18TH STREET,1089807,1006897501,238,RM,no_hpd,"R-2, U","R-2, U",R0,76 ELEVENTH AVE PROPERTY OWN LLC,12/15/2015,10,
400 EAST 84TH STREET,1085139,1015637501,183,RM,no_hpd,"J-2, RES","A-2, J-2, RES",R0,RELATED MANAGEMENT,12/17/2013,10,"INSTALLATION OF TEMPORARY PIPE SCAFFOLD 55' HIGH ORIGINATING OFF SHED AS PER PLANS. NO CHANGE IN USE, EGRESS OR OCCUPANCY. PIPE SCAFFOLD SHALL COMPLY WITH CHAPTER #33 OF 2008 THE NYC BUILDING CODE. SI"
105 3 AVENUE,1084262,1004697502,157,RM,no_hpd,NO DATA,,,,,,
105 3 AVENUE,1066718,1004697502,157,RM,no_hpd,"J-2, R-2, RES","J-2, R-2, RES",R0,111 REALTY COMPANY,12/17/2019,10,PROPOSED RENOVATION OF INTERIOR SPACE FOR MEDICAL OFFICES.
1 MORTON SQUARE,1086102,1006027501,144,RM,no_hpd,J-2,J-2,R0,Cooper Square Realty,12/17/2004,10,"Various partition, ceiling and plumbing changes on part of the 3rd floor within existing Apartment #3FW.  No change in egress, use or occupancy."
1 MORTON SQUARE,1086104,1006027501,144,RM,no_hpd,J-2,J-2,R0,MORTON SQUARE CONDOMINIUM,12/21/2017,10,FILING FOR SPRINKLER MODIFICATIONS IN A RESIDENTIAL UNIT AS PER PLANS FILED.
310 EAST 23 STREET,1076164,1009287502,140,RM,no_hpd,"C, COM, J-2, RES",COM,R0,310 e 23 st apartment corp,11/22/2005,10,minor renovation to apartment   replace fixtures on existing roughing   no change to use occupancy or egress
310 EAST 23 STREET,1084795,1009287502,140,RM,no_hpd,"B, J-2, R-2, RES","B, J-2, R-2, RES",R0,310/312 EAST 23RD CONDO,11/27/2012,10,"REPLACE GAS/OIL BURNER ON EXISTING LOW PRESSURE BOILER NUMBER 1.  CHANGE GRADE OF FUEL FROM #6 TO #2.  NO CHANGE IN USE, EGRESS, OR OCCUPANCY."
1 CLINTON STREET,3421378,3002397501,137,RM,no_hpd,R-2,"A-3, R-2",R0,CADMAN ASSOCIATES LLC,12/13/2017,10,HEREWITH FILING FOR SPRINKLER WORK IN LIBRARY FIT-OUT PER PLANS.
62 WEST 47 STREET,1034356,1012627501,128,RC,no_hpd,"B, COM, RES","B, COM",R0,VALLEY NATIONAL BANK,12/31/2003,10,MINER RENOVATION OF EXISTING SPACE AS SH OWN ON PLAN AND RELOCATION OF EXISTING SPRINKLER HEADS NO CHANGE OF USE EGRESS OR OCCUPANCY
666 5 AVENUE,1034520,1012687502,125,RC,no_hpd,"B, COM, E","B, COM, E",R0,VORNADO OFFICE MANAGEMENT,12/28/2015,10,"INSTALLATION OF INTERIOR NON BEARING PARTITIONS AND RELATED FINISHES AS PER PLANS FILED HEREWITH. NO CHANGE IN USE, EGRESS OR OCCUPANCY UNDER THIS APPLICATION"
44 WEST 47 STREET,1034346,1012627502,110,RC,no_hpd,"B, E, J-2","B, E",R0,SL GREEN REALTY CORP.,12/23/2015,10,"INSTALLATION OF DEMISING WALLS ON THE 28TH FLOOR (FIR TREE, INC.) AS PER PLANS. NO CHANGE TO USE, EGRESS OR OCCUPANCY."
1250 AVENUE OF THE AMER,1076262,1012657501,107,RC,no_hpd,"B, COM, E","B, COM, E",R0,NBC / UNIVERSAL,12/30/2014,10,"MODIFICATIONS TO THE EXISTING SPRINKLER SYSTEM, AS PER PLANS FILED HEREWITH. NO CHANGE IN USE, EGRESS, OR OCCUPANCY."
520 FIFTH AVENUE,1091887,1012597503,104,RM,no_hpd,"COM, M","COM, M",R0,"Park Avenue 400 Partnership, LLC",12/31/2003,10,"Upgrade &amp; repair existing class E system  . NEW FIRE COMMAND STATION. RE ACE SMOKE DETECTORS ON ALL FLOORS AND FA N SHUTDOWN RELAYS. NO CHANGE TO USE, EGRESS OR OCCUPANCY."
633 3 AVENUE,1037174,1013147502,89,RC,no_hpd,COM,COM,R0,SMILE TRAIN,12/29/2017,10,"MODIFICATIONS TO SPRINKLER SYSTEM IN SUITES 9C/D/E AS SHOWN ON PLANS. CONDO LOT # C902, LOTS: 1469,1470,1471."
100 VANDAM STREET,1010360,1005977504,73,RM,no_hpd,"COM, R-2, RES, S-1","B, COM, R-2, RES, S-1",D7,"527 GREENWICH STREET, LLC",12/31/2020,10,"INSTALLATION OF TEMPORARY WORK PLATFORMS SYSTEM AS PER PLANS IN CONJUNCTION WITH GENERAL CONSTRUCTION. NO CHANGE IN USE, EGRESS OR OCCUPANCY. WORK PLATFORMS SHALL COMPLY WITH 2014 NYC BUILDING CODE, C"
1 ORCHARD STREET,1088837,1002947502,71,RC,no_hpd,B,B,R0,"55 & 57 HESTER CONSTRUCTION, LLC",12/30/2008,10,FILE NEW BUILDING APPLICATION TO CONTAIN COMMERCIAL AND COMMUNITY FACILITY UNITS.  NEW C OF O REQUESTED.
200 WEST 41 STREET,1024649,1010127502,68,RC,no_hpd,"B, COM, E","B, COM, E",R0,"ARC NYC 570 SEVENTH, LLC",12/20/2017,10,"FILING FOR KITCHEN FIRE SUPPRESSION SYSTEM FOR ELECTRIC COOKING EQUIPMENT IN CONJUNCTION WITH JOB#123184384, AS SHOWN ON PLAN.  COOKING EXHAUST SYSTEM FILED UNDER JOB#123184384.  NO CHANGE IN USE, OCC"
685 5 AVENUE,1035737,1012897501,68,RM,no_hpd,"COM, E","COM, E",R0,GUCCI AMERICA INC,12/09/2011,10,"INTERIOR DEMOLITION OF NON-LOAD BEARING PARTITIONS AS PER PLANS. NO CHANGE IN USE, EGRESS OR OCCUPANCY."
249 EAST 62ND STREET,1090660,1014177503,67,RM,no_hpd,"COM, R-2, RES","COM, R-2, RES",D6,"ZECKENDORF DEVELOPMENT, LLC",12/27/2016,10,
37-34 33RD STREET,4624459,4003747502,66,RM,no_hpd,,R-2,R0,"33RD STREET VENTURES, LLC.",10/19/2020,1,
41-14 27TH STREET,4623050,4004157505,64,RM,no_hpd,"COM, J-2, PUB, R-2","J-2, PUB, R-2",D7,LIC MANOR REALTY LLC,12/03/2018,8,INSTALLATION OF SINGLE CAR PERSONNEL/MATERIAL HOIST DURING NB CONSTRUCTION (FILED BY SEPARATE APPLICATION) AS PER PLAN SUBMITTED. WORK SHALL COMPLY WITH 2014 BUILDING CODES CHAPTER 33. NO CHANGE IN US
1 WATER STREET,1000005,1000047501,63,RC,no_hpd,"COM, E","COM, E",R0,BROOKFIELD PROPERTIES,12/31/2013,10,"REMOVAL AND INSTALLATION OF INTERIOR NON BEARING PARTITIONS AND RELATED FINISHES AS PER PLANS FILED HEREWITH. THERE WILL BE NO CHANGE IN USE, EGRESS OR OCCUPANCY UNDER THIS APPLICATION."
7 CHATHAM SQUARE,1001726,1001627501,60,RC,no_hpd,"COM, E","COM, E",R0,SCHOONER LLC,12/26/2002,10,"RENOVATED EXISTING DOCTOR OFFICE UNIT C1  AT CELLAR. NO CHANGE IN USE, EGRESS AND OCCUPANCY."
125 MAIDEN LANE,1087484,1000707501,57,RC,no_hpd,"COM, E","COM, E",R0,125 MAIDEN EQUITIES LLC,12/26/2012,10,"DUE TO DAMAGES CAUSED BY HURRICANE SANDY,INSTALL NEW WALL, FLOOR AND CEILING FINISHES THROUGHOUT THE PREMISES. NO CHANGE OF USE,EGRESS OR OCCUPANCY."
35 WEST 36TH ST,1015925,1008387503,57,RC,no_hpd,COM,COM,R0,HIDROCK REALTY INC.,12/20/2012,10,"RENOVATE EXISTING OFFICE. GENERAL CONSTRUCTION TO INSTALL NEW PARTITIONS, DOORS, CEILING, PLUMBING AND MECHANICAL SYSTEM AS SHOWN ON DRAWINGS. NO CHANGE TO USE, EGRESS OR OCCUPANCY."
620 8 AVENUE,1087186,1010127501,57,RI,no_hpd,E,E,R0,42ND STREET DEVELOPMENT PROJECT,12/29/2008,10,"FILING FOR KITCHEN FIRE SUPPRESSION SYSTEM IN CONJUNCTION WITH JOB#110315383, AS SHOWN ON PLAN.  FIRE SUPPRESSION SHUT-OFF VALVE FILED UNDER JOB#110315383.  NO CHANGE IN USE, OCCUPANCY, OR EGRESS."
500 PARK AVENUE,1036086,1012947501,57,RM,no_hpd,RES,,R0,500 PARK TOWER CONDO,11/16/2001,2,RENOVATION OF EXISTING APARTMENT WORK TO INCLUDE MINOR PARTITION CHANGES AND MINOR PLUMBING. NO CHANGE TO USE EGRESS OR OCCUPANCY UNDER THIS APPLICATION
1251 AVENUE OF THE AMER,1022706,1010027501,56,RC,no_hpd,E,E,R0,HINES INTEREST,12/31/2012,10,"MINOR DEMOLITION OF INTERIOR NON LOAD BEARING WALLS AND FINISHES.  MINOR SCAR PATCHING AS PER PLANS.  NO CHANGE TO USE, EGRESS OR OCCUPANCY."
126A EAST 86TH STREET,1091043,1015147503,56,RM,no_hpd,COM,"COM, R-2",R0,"JP MORGAN CHASE BANK, N.A.",12/13/2012,4,"INSTALLATION OF MANUAL/AUTOMATIC/SMOKE DETECTION/SPRINKLER/FIRE ALARM SYSTEM. THIS APPLICATION IS TO SUPERSEDE THE PREVIOUS APPROVED FIRE ALARM APPLICATION 101022126. NO CHANGE IN USE, EGRESS OR OCCUP"
150 EAST 42 STREET,1036153,1012967502,55,RC,no_hpd,"B, COM, E","B, E",R0,HIRO REAL ESTATE CO.,12/31/2003,10,"MODIFICATIONS TO SPRINKLER SYSTEM AS PER  PLANS FILED HEREWITH. NO CHANG TO USE, EGRESS OR OCCUPANCY."
277 PARK AVENUE,1076268,1013027501,55,RC,no_hpd,"B, COM, E","B, E",R0,277 Park Avenue LLC,12/29/2006,10,"Partition and ceiling modifications as per plans. No change in use, egress or occupancy."
210 CANAL STREET,1085449,1001997501,54,RC,no_hpd,"COM, E","COM, E",R0,"ANTHONY FOONG, MD",12/17/2004,10,"INTERIOR PARTITIONING OF AN EXISTING OFFICE. INSTALL PLUMBING FIXTURES PER PLAN. NO CHANGE IN USE, EGRESS OR IN OCCUPANCY."
128 MOTT STREET,1087662,1002387501,52,RC,no_hpd,"COM, E","COM, E",R0,GOLDEN CITY CHEN DEVELOPMENT,12/20/2013,10,"PLUMBING WORK, PRE-FAB PARTITIONS AS PER PLANS FILED HEREWITH.  NO CHANGE TO USE, OCCUPANCY OR EGRESS."
171 CALYER STREET,3427354,3025737501,50,RM,no_hpd,"M, R-2","M, R-2",R0,MJM CONTRACTING LLC,11/07/2022,3,"INSTALLATION OF SOLAR PV SYSTEM ON THE EXISITNG ROOFTOP.  NO CHANGES TO THE EGRESS, USE OR OCCUPANCY."
17 EAST BROADWAY,1003432,1002807501,49,RC,no_hpd,"B, COM, J-2","B, COM, J-2",R0,N/A,11/24/2010,10,"RELOCATED EXISTING ACCESSORY STAIR DOWN TO CELLAR. NO CHANGE IN USE, OCCUPANCY OR EGRESS."
27-09 40TH AVENUE,4623439,4003977502,49,RM,no_hpd,"COM, D-1","D-1, F-1, R-2",V1,N/A,10/11/2016,4,HEREBY FILING TO CHANGE OCCUPANCY FROM WAREHOUSE TO BAKERY. WORK TO INCLUDE THE INSTALLATION OF INTERIOR NON BEARING PARTITIONS.
36 WEST 44 STREET,1034205,1012597501,47,RC,no_hpd,"B, COM","B, COM",R0,The Bar Building Condominiums,12/24/2007,10,MODIFICATION OF AN EXISTING FIRE ALARMCLASS E SYSTEM AS PER PLANS FILE D HEREWITH. NO CHANGE IN USE EGRESS OROCCUPANCY.
168 PLYMOUTH STREET,3329409,3000307501,47,RM,no_hpd,"COM, PUB, RES","PUB, RES",R0,"Phoenix House Foundation, Inc.",11/30/2004,10,"Install fire suppression system, as shown on plan.  No change in use, occupancy, or egress."
168 PLYMOUTH STREET,3329410,3000307501,47,RM,no_hpd,"G, R-2","B, G, R-2",R0,PHOENIX HOUSE FOUNDATION,12/21/2016,10,RESPECTFULLY SUBMITTING HEREWITH APPLICATION FOR THE CHANGE IN USE/OCCUPANCY AS INDICATED ON DRAWINGS.
101 WEST 14 STREET,1014526,1007907505,46,RM,no_hpd,"B, F-4, R-2","B, R-2",R0,CUSTOM METALCRAFTERS INC,12/23/2019,10,"INSTALLATION OF MINI CRANE EQUIPMENT AS PER PLANS FILED HEREWITH. NO CHANGE IN USE, EGRESS OR OCCUPANCY."
1166 AVENUE OF THE AMER,1089023,1012617501,46,RC,no_hpd,NO DATA,,,,,,
1166 AVENUE OF THE AMER,1071414,1012617501,46,RC,no_hpd,"COM, E","COM, E",R0,CB RICHARD ELLIS (1166),12/31/2015,10,"MODOFICATION TO THE EXISTING FIRE ALARM SYSTEM ON THE 35TH AND 38TH FLOORS AS PER PLANS.  NO CHANGE TO USE, EGRESS OR OCCUPANCY."
,1081017,1008397501,45,RC,no_hpd,E,E,R0,"MERIT FIFTH AVENUE, L.P. c/o INV",12/28/2005,10,STRUCTURAL WORK ON THE 6TH FLOOR.  NO CHANGE IN OCCUPANCY USE OR EGRESS.
1585 BROADWAY,1076193,1010197502,42,RC,no_hpd,"B, COM, E","B, E",R0,MORGAN STANLEY,12/30/2009,10,"FIRE ALARM CHANGES TO THE 29TH FLOOR AS INDICATED ON DRAWINGS. NO CHANGE IN USE, EGRESS OR OCCUPANCY."
220 EAST 42 STREET,1037546,1013157501,42,RC,no_hpd,"COM, E, F-4",E,R0,TERESA'S GOURMENT CAFE,12/31/2001,10,"INSTALL AUTOMATIC FIRE SUPPRESSION SYSTEM IN KITCHEN RANGEHOOD,NO CHANGE IN USE,OCCUPANCY AND EGGRESS."
