address,bin,bbl,class_b,class_a,existing_occ,proposed_occ,building_class,owner_business,filing_date,num_filings,job_desc
27 WEST 11 STREET,1009588,1005750064,61,4,"J-1, RES","J-1, R-2, RES",H3,LARCHMONT HOTEL,12/28/2015,10,"PROPOSED INSTALLATION OF PIPE SCAFFOLD AS PER PLANS. NO CHANGE IN USE, EGRESS OR OCCUPANCY."
116 WEST 13 STREET,1010613,1006080029,86,1,"J-2, R-1, RES","J-2, R-1",R0,THE NEW SCHOOL,11/27/2019,10,"FILING HEREWITH NON STRUCTURAL INTERIOR DEMOLITION OF INTERIOR PARTITIONS AND FINISHES AS PER PLANS; NO CHANGE IN USE, EGRESS, OR OCCUPANCY UNDER THIS APPLICATION."
143 EAST 23 STREET,1018044,1008790027,317,1,RES,RES,D6,"KENMORE ASSOCIATES, LP",10/24/2006,10,"INSTALL HEAVY DUTY SIDEWALK SHED A TOTAL OF 30 FT LONG AT 145 EAST 23 ST. DURING REMEDIAL REPAIRS. WORK TO COMPLY WITH LL33/91. NO CHANGE IN  USE, EGRESS OR OCCUPANCY."
111 WEST 56TH STREET,1023455,1010097502,587,99,J-1,J-1,H1,The Parker Meridian Hotel,12/29/2004,10,"Erection of wood fence to clean parapet.  No change in use, egress or occupancy."
1752 BROADWAY,1024894,1010280017,204,190,"COM, E, J-2, R-2","COM, J-2, R-2",D6,211 W 56 ASSOCIATES LLC,12/20/2010,10,"APPLICATION FILED FOR MINOR INTERIOR RENOVATION TO AN EXISTING COMMERCIAL SPACE. NO CHANGE TO USE, EGRESS OR OCCUPANCY"
360 WEST 45 STREET,1025000,1010350060,77,2,RES,RES,C5,PR 45 LLC,11/16/2018,10,"APPLICATION FILED FOR ROOF USE: PASSIVE RECREATION, ACCESSORY TO BUILDING PRINCIPAL USE.  30 PERSONS MAX.  NO CHANGE IN EGRESS OR OCCUPANCY."
353 WEST 57 STREET,1026317,1010487502,959,1,"COM, R-1","COM, R-1",R0,HENRY HUDSON LLC,12/19/2008,10,"MODIFICATION TO EXISTING CLASS ""J"" FIRE ALARM SYSTEM AS SHOWN. NO CHANGE TO EGRESS, USE OR OCCUPANCY."
869 9 AVENUE,1081705,1010660032,151,6,NO DATA,,,,,,
140 WEST 69 STREET,1028948,1011400046,136,112,"J-2, RES","J-2, RES",D4,LINCOLN SPENCER APARTMENTS INC,12/24/2020,10,"COMBINATION OF ADJACENT STUDIO APT'S 78A AND 78B IN CONJUNCTION WITH DOB NOW FILING. NO CHANGE TO USE, OCCPANCY OR EGRESS."
117 WEST 70 STREET,1029754,1011420024,385,2,"J-1, R-1, RES","J-1, R-1",H8,"AMDA, INC",12/17/2014,10,"FILE FOR THE REPLACEMENT OF THE EXISTING MODIFIED CLASS J FIRE ALARM SYSTEM WITH A MANUAL, AUTOMATIC SMOKE/HEAT/CO DETECTION AND SPRINKLER FIRE ALARM SYSTEM WITH VOICE COMMUNICATION AND CENTRAL STATIO"
240 WEST 73 STREET,1030522,1011640047,142,76,"PUB, RES","PUB, RES",H6,Property Markets Group,12/26/2001,10,"General construction to include new partitions &amp; finishes and casework on apt.s'  705,713,715,903,1409,1410.  No change in use, egress or occupancy"
201 WEST 74 STREET,1030741,1011667501,84,91,"COM, J-2, RES","COM, J-2, RES",R0,THE WEST 74TH STREET HOME,12/23/2010,10,THE PROPOSED WORK FILED UNDER THIS APPLICATION IS TO REMOVE PARTIAL EXISTING STAIR ENCLOSURE IN ORDER TO CREATE A LARGER DOOR OPENING. AN ASSOCIATED PUBLIC ASSEMBLY APPLICATION TO BE FILED SEPARATELY.
166 WEST 87 STREET,1032217,1012170057,192,10,"A, J-1, J-2, R-2","A, J-1, J-2, R-2",D3,CAPITAL HALL  PRESERVATION HDFC,12/20/2011,10,"INSTALLATION OF HEAVY DUTY SIDEWALK SHED AS PER PLANS. NO CHANGE IN USE, EGRESS, OR OCCUPANCY. WORK SHALL COMPLY WITH 2008 BUILDING CODE CHAPTER 33"
206 WEST 92 STREET,1033597,1012390039,139,2,"J-1, RES",RES,HR,NEW SENAT ASSOCIATES LP,12/20/2011,10,"INSTALLATION OF HEAVY DUTY SIDEWALK SHED AS PER PLANS. NO CHANGE IN USE, EGRESS, OR OCCUPANCY. WORK SHALL COMPLY WITH 2008 BUILDING CODE CHAPTER 33"
2508 BROADWAY,1033647,1012410023,103,1,"COM, J-2","COM, J-2",HR,NARRAGANSETT HDFC C/O HSI,12/05/2008,10,"INSTALLATION OF HEAVY DUTY SIDEWALK SHED A TOTAL OF 80 L.F AS PER PLAN AT 2508 BROADWAY. WORK SHALL COMPLY WITH 2008 BUILDING CODE CHAPTER 33. NO CHANGE IN USE, EGRESS OR OCCUPANCY."
345 WEST 86 STREET,1033935,1012480011,253,2,"COM, J-1, J-2, RES","COM, J-1, J-2, RES",HR,Dexter Properties LLC,12/16/2004,10,"Instal new drop ceiling as shown on plan.  No change of use, egress or occupancy."
350 WEST 88 STREET,1033993,1012490054,178,1,"COM, RES","COM, RES",HH,"350 REALTY CO, LLC",12/05/2016,10,"PROPOSED INSTALLATION OF HEAVY DUTY SIDEWALK SHED AS PER PLANS. LIVE LOAD 300 PER SQUARE FEET. SIDEWALK SHED SHALL COMPLY WITH CHAPTER # 33 OF THE 2008 CODE. NO CHANGE IN USE, OCCUPANCY, OR EGRESS UND"
312 WEST 93 STREET,1034128,1012520027,109,1,NO DATA,,,,,,
306 WEST 94 STREET,1034137,1012520060,114,2,"COM, RES","COM, RES",H6,ESPLANADE 94 LLC,10/24/2014,7,"PROPOSED INSTALLATION OF SIDEWALK SHED AS PER PLANS. NO CHANGE IN USE, EGRESS OR OCCUPANCY."
316 WEST 95 STREET,1034183,1012530038,191,1,"J-1, RES","J-1, R-2, RES",H6,PENNINGTON REALTY LLC.,12/10/2009,10,"CONSTRUCTION OF ACCESS WALKWAY AT REAR OF TWO ADJACENT BUILDINGS UNDER ONE OWNERSHIP. ALL WORK IS LIMITED TO PUBLIC AND OPEN SPACE OF THE PROPERTY. NO CHANGE IN USE, OCCUPANCY OR EGRESS."
66 WEST 45 STREET,1034238,1012607502,166,62,"A-1, J-2","A-1, J-2",R0,WATERSCAPE RESORT LLC,12/16/2009,10,"INSTALL 1 NEW EMERGENCY GENERATOR ON 7TH FLOOR WITH 100 GALLON DAY TANK AND 20 0 GALLON RUPTURE PAN. INSTALL 1 NEW 260 GALLON PRIMARY OIL TANK IN CELLAR IN 3 HR ENCLOSURE. ALL ENCLOSURES, STRUCTURAL D"
768 5 AVENUE,1035253,1012747504,256,168,"COM, RES","COM, RES",R0,SOLOTOFF EXTERIOR RESTORATION,12/26/2012,10,"TO ERECT 765 LINEAR FEET OF HEAVY DUTY SIDEWALK SHED IN COMPLIANCE WITH CHAPTER #13 OF THE 2008 CODE. LIVE LOAD 300 PSF. THIS APPLICATION INVOLVES NO CHANGE IN OCCUPANCY, USE OR EGRESS."
569 LEXINGTON AVENUE,1036458,1013057501,730,1,"COM, J-1, RES","COM, J-1, RES",R0,METROPOLITAN HOTEL,12/28/2016,10,REPLACEMENT OF FLOOR TILE IN BARBER SHOP
231 EAST 55 STREET,1038578,1013297501,114,43,"J-2, RES",J-2,R0,231-235 E 55TH ST CONDOMINIUM,12/15/2016,10,"FILING FOR SITE SAFETY PLAN APPROVAL ONLY IN CONJUNCTION WITH APPLICATION NUMBER 122888811.NO CHANGES TO USE, OCCUPANCY OR EGRESS UNDER THIS APPLICATION."
20 EAST 76TH STREET,1041706,1013907505,102,9,"COM, J-1, J-2, RES","COM, J-2, RES",R0,LYDEN HOTEL CO,12/14/2000,10,INSTALLATION OF A HEAVY DUTY SIDEWALK SHED 140'DURING FACADE REPAIR NO CHANGE IN USE EGRESS OR OCCUPANCY SHED TO COMPLY WITH LL33/91
152 EAST 87 STREET,1047968,1015150046,53,1,"COM, J-1, R-2","COM, J-1, R-2",D8,"HIGHBURY CONCRETE, INC",12/20/2016,10,"INSTALLATION OF OVERHANG BRACKETS PLATFORMS AS PER PLANS FILED HEREWITH. NO CHANGE IN USE, GROUP OR OCCUPANCY."
510 EAST 88 STREET,1051335,1015840045,92,20,"R-2, RES","R-2, RES",C1,COLGATE SCAFFOLD & EQUIPMENT,09/25/2008,10,"INSTALLATION OF 12 LINEAR FEET OF SCAFFOLDING FOR EXTERIOR WORK AS PER PLANS SUBMITTED HEREWITH. NO CHANGE TO USE, EGRESS, OR OCCUPANCY."
203 WEST 113 STREET,1055156,1018290026,88,31,"J-0, J-2, R-2, RES","J-0, J-2, R-2, RES",D1,WESTON UNITED COMMUNITY RENEWAL,12/23/2016,10,"MODIFYING INTERIOR WITH MINOR ALTERATIONS AND NEW FINISHES. NEW WINDOWS AND ROOF. REMOVE EXISTING ELEVATOR &amp; ELEVATOR SHAFT. INSTALL NEW ELEVATOR. PLUMBING AND HVAC AS PER PLANS. NO CHANGE TO USE,"
50 WEST 107 STREET,1055665,1018420051,72,1,RES,,D1,"One Forty Nine Hous Co,C/oWSFSSH",07/02/2004,2,"Renovation  of an existing Senior Housing Structure.   Architectural and plumbing work.   There  is to be no change of use, occupancy or egress under this application."
132 WEST 109 STREET,1056020,1018630052,89,20,NO DATA,,,,,,
2651 BROADWAY,1056487,1018720054,126,1,"COM, RES","R-2, RES",H3,HUDSON B Y DRY CLEANERS INC.,12/23/2013,10,"REPLACE EXISTING HIGH PRESSURE GAS FIRED STEAM BOILER (NYC DOB  BOILER NO: 102438) WITH NEW HIGH PRESSURE GAS FIRED STEAM  BOILER AT EXISTING BOILER ROOM AT CELLAR AS PER PLAN. NO  CHANGE OF USE, EGRE"
239 WEST 107 STREET,1056650,1018790013,85,2,RES,RES,D1,"WESTSIDE INN., LLC",10/17/2011,9,
235 WEST 107 STREET,1056651,1018790015,86,1,"COM, R-1","COM, R-1, R-2",HS,NATIONWIDE HOTELS LLC,12/08/2010,5,REPLACE BOILER AND BURNER.
549 WEST 113 STREET,1057021,1018850007,110,22,"J-2, RES",RES,D1,TRUSTEES OF COLUMBIA UNIVERSITY,10/09/2013,9,"REPLACE OIL BURNER WITH GAS BURNER ON NYC BOILER NO. MD28100-01. INSTALL NEW GAS SERVICE, METER AND PIPING.  TAKE OIL TANK OUT OF SERVICE."
305 WEST 97 STREET,1057068,1018870048,97,1,"COM, J-2, R-2, RES","COM, R-2",D9,305 WEST 97 STREET ASSOC.,10/23/2006,10,"INSTALLATION OF A HEAVY DUTY SIDEWALK SHED 90' DURING FACADE REPAIR.  NO CHANGE IN USE, EGRESS OR OCCUPANCY. SHED TO COMPLY WITH LL33/91 AND TPPN 9/99."
2841 BROADWAY,1057320,1018940011,143,128,"COM, J-1, RES","COM, J-1, RES",H6,COLLEGE RESIDENCE CLUB INC,12/14/2009,10,"INSTALLATION OF HEAVY DUTY SIDEWALK SHED A TOTAL OF 40 L.F. AS PER PLAN AT 601 WEST 110 STREET. DURING REMEDIAL REPAIR, WORK SHALL COMPLY WITH 2008 BUILDING CODE CHAPTER 33. NO CHANGE IN USE, EGRESS O"
610 WEST 111 STREET,1057322,1018940023,86,2,"J-1, R-1, R-2, RES","J-1, R-1, R-2, RES",HR,"BLDG 610 W 111ST, LLC",05/28/2019,9,"HEREWITH FILING ALTERATION II TO REMOVE AND REPLACE COMBINED WATER SERVICE, RELOCATE EIGHT (8) EXISTING SP HEADS, INSTALL FOURTEEN (14) NEW SP HEADS AND INSTALL BACK FLOW PREVENTER DEVICES. NO CHANGE "
619 WEST 113 STREET,1081596,1018950045,52,1,RES,"R-1, RES",H8,"COLUMBIA UNIVERSITY, CAPITAL PRO",10/28/2011,9,SPRINKLER MODIFICATIONS FOR RENOVATION THROUGHOUT AS PER PLANS FILED HEREWITH.
152 WEST 129 STREET,1057964,1019130056,90,24,RES,RES,C5,J & G GENERAL CONTRACTING INC,12/01/2010,6,"INSTALLATION OF TEMPORARY HEAVY DUTY SIDEWALK SHED FOR REMEDIAL REPAIRS AS PER PLANS. NO CHANGE IN USE, EGRESS OR OCCUPANCY. SIDEWALK SHED SHALL COMPLY WITH CHAPTER #33 OF THE NYC BUILDING CODE. NO ST"
109 WEST 129 STREET,1087116,1019140026,59,1,NO DATA,,,,,,
150 ST NICHOLAS AVENUE,1058396,1019230038,89,1,"COM, J-2, R-1, RES","COM, J-2, R-1",HR,HARLEM RESTAURANT,12/24/2012,10,"MODIFY FIRE SUPPRESSION SYSTEM ONLY, NO CHANGE IN USE EGRESS OR OCCUPANCY.  GAS VALVE FILED UNDER APPLICATION 121326298."
415 WEST 120 STREET,1090804,1019630009,52,2,R-2,R-2,D3,CORE SCAFFOLD SYSTEMS INC,09/10/2019,10,"INSTALLATION OF ROOF PROTECTION AS PER PLANS. NO CHANGE IN USE, EGRESS OR OCCUPANCY."
167 CLAREMONT AVENUE,1080813,1019940038,81,105,"J-2, R-2, RES","J-2, R-2, RES",D3,INTERNATIONAL HOUSE,11/16/2004,10,"REPLACE BOILER AND OIL BURNER. NO CHANGE IN EGRESS, OCCUPANCY OR USE UNDER THIS APPLICATION."
500 RIVERSIDE DRIVE,1059870,1019940057,492,7,"J-2, PUB","J-2, PUB",H8,INTERNATIONAL HOUSE,12/24/2015,10,"MODIFICATION TO EXISTING FIRE ALARM SYSTEM. NO CHANGE IN EGRESS, USE, OR OCCUPANCY."
1641 AMSTERDAM AVENUE,1061221,1020580001,108,33,"COM, RES","COM, RES",D7,U&N DELI CORP,10/17/2014,10,"INSTALLATION OF A NEW FIRE KITCHEN SUPPRESSION SYSTEM IN CONJUNCTION WITH APPLICATION #103276928 WHERE EXHAUST SYSTEM AND COOKING EQUIPMENT WAS FILED.NO CHANGE IN USE , EGRESS OR OCCUPANCY."
515 WEST 145 STREET,1061934,1020770020,58,1,R-1,R-1,HR,"CROSSTOWN, INC.",05/06/2010,1,"LEGALIZE SPRINKLER SYSTEM AND MAKE MODIFICATIONS TO COMPLY WITH CODE PER FDNY VIOLATION E167216.  NO CHANGE TO USE, OCCUPANCY OR EGRESS ASSOCIATED WITH THIS APPLICATION."
511 WEST 145 STREET,1061936,1020770023,59,1,"R-1, RES",R-1,HR,Hamilton Heigths Enterprises LLC,06/15/2005,4,Installation of a Modified Class J fire alarm system with central station connection to replace the obsolete existing modified class J fire alarm system and to clear Violations# E138109 and E138108.  
558 WEST 184 STREET,1063676,1021540076,59,1,"J-1, RES",J-1,C1,558 WEST 184TH STREET OWNERS LLC,12/17/2014,5,"DEMOLITION OF EXISTING AND CONSTRUCTION OF NEW PARTITIONS IN NEW LAYOUT IN EXISTING APARTMENT.  REPLACEMENT OF EXISTING BATHROOM + KITCHEN FIXTURES IN NEW LOCATIONS.  NO CHANGE TO USE, OCCUPANCY OR EG"
50 NEVINS STREET,3000556,3001727501,194,1,"A, J-2, R-2","A, J-2, R-2",R0,ICL REAL PROPERTIES HOLDINGS,12/07/2015,10,"FACADE REPAIR WORK AS PER PLANS. NO CHANGE IN USE, EGRESS, OR OCCUPANCY. SIDEWALK SHED FILED UNDER SEPARATE APPLICATION FOR PEDESTRIAN PROTECTION."
105 CARLTON AVENUE,3257033,3020440013,134,1,"COM, J-2, R-2","J-2, R-2",C1,NA,11/23/2005,7,INSTALLATION OF 500' HEAVY DUTYSIDEWALKSHED WILL COMPLY WITH LL33/91 AND 9/99 NO CHANGE IN USE OROCCUPANCY
147 GRAHAM AVENUE,3325854,3030610018,88,2,"J-2, RES","J-2, RES",D5,CARING COMMUNITIES ASSOC. HDFC,11/08/2013,9,"RENOVATE EXSISTING BUILDING AS PER PLANS FILED . NO CHANGE IN EGRESS , USE OR OCCUPANCY"
